nchung,nÃ³i chung
Ä‘ell,Ä‘Ã©o
vailol,vÃ£i lá»“n
xá»£,sá»£
duma,Ä‘Ã¹ mÃ¡
dkm,Ä‘á»‹t con máº¹
Ä‘km,Ä‘á»‹t con máº¹
cÄ‘m,cÃ¡i Ä‘á»‹t máº¹
fwb,báº¡n chá»‹ch
ciu,cu
vcÄ‘,vÃ£i cáº£ Ä‘Ã¡i
vcd,vÃ£i cáº£ Ä‘Ã¡i
dcsvn,Äáº£ng Cá»™ng sáº£n Viá»‡t Nam
hl,hÃ£m lá»“n
clm,cÃ¡i lá»“n máº¹
xhcn,xÃ£ há»™i chá»§ nghÄ©a
lz,lá»“n
lone,lá»“n
clipp,clip
cmm,con máº¹ mÃ y
Ä‘hs,Ä‘Ã©o hiá»ƒu sao
vailon,vÃ£i lá»“n
ná»“,lá»“n
nma,nhÆ°ng mÃ 
clg,cÃ¡i lá»“n gÃ¬
douma,Ä‘á»¥ mÃ¡
Ä‘mm,Ä‘á»‹t máº¹ mÃ y
bome,bá» máº¹
mxh,máº¡ng xÃ£ há»™i
moáº¹,máº¹
trÃ³,chÃ³
cdm,cÃ¡i Ä‘á»‹t máº¹
Ä‘cs,Äáº£ng Cá»™ng sáº£n
vjp,vip
Ä‘Å©y,Ä‘Ä©
vlin,vÃ£i lá»“n
zÃº,vÃº
dmm,Ä‘á»‹t máº¹ mÃ y
Ä‘uma,Ä‘á»¥ mÃ¡
adu,Ã¡ Ä‘Ã¹
Ä‘á»¹,Ä‘Ä©
ctay,chia tay
má»‹e,máº¹
Ä‘itme,Ä‘á»‹t máº¹
cÄ‘g,cÃ¡i Ä‘á»‹t máº¹
adidaphat,a di Ä‘Ã  pháº­t
vnch,Viá»‡t Nam cá»™ng hÃ²a
vck,vÃ£i cáº£ cá»©t
vloz,vÃ£i lá»“n
bÃºm,bÆ°á»›m
má»e,máº¹
xaolon,xáº¡o lá»“n
dume,Ä‘á»¥ máº¹
mÃ³a,mÃ¡
má»£t,má»‡t
vcd,vÃ£i cáº£ Ä‘Ã¡i
Ä‘mmm,Ä‘á»‹t máº¹ mÃ y
pÃ­m,bÆ°á»›m
rach,rÃ¡ch
á¹½,vÃ£i
chxhcn,Cá»™ng hÃ²a XÃ£ há»™i Chá»§ nghÄ©a
Ä‘uá»¹,Ä‘Ä©
lá»“z,lá»“n
zá»£,sá»£
cáº·t,cáº·c
dÃº,vÃº
Ä‘me,Ä‘á»‹t máº¹
xamf,xÃ m
nunglon,ná»©ng lá»“n
ï½”á»•ï½ï½‡,tá»•ng
ï½ˆá»£ï½,há»£p
ï½ƒÃ¡ï½ƒ,cÃ¡c
ï½ƒï½Œï½‰ï½,clip
ï½”Ã¢ï½™,tÃ¢y
Ä‘ï½‰,Ä‘i
ï½ƒï½ˆÆ¡ï½‰,chÆ¡i
ï½ï½ˆÃ²,phÃ²
ï½–ï½,viá»‡t nam
ï½…ï½,em
ï½ƒï½Œï½‰ï½ƒï½‹,click
ï½˜ï½…ï½,xem
ï½ï½ˆï½,nha
dcs,Äáº£ng Cá»™ng sáº£n
dá»‹t,Ä‘á»‹t
dcmm,Ä‘á»‹t con máº¹ mÃ y
Ä‘it,Ä‘á»‹t
dizz,Ä‘á»‹t
lá»“l,lá»“n
mÃ³e,mÃ¡
acclone,acc lá»“n
nulo,ná»©ng lá»“n
concho,con chÃ³
Ä‘brr,Ä‘áº§u buá»“i ráº» rÃ¡ch
káº£m,cáº£m
á´á´œá´€,mua
Ê™Ã¡É´,bÃ¡n
lozz,lá»“n
á´‡Ğ¼,em
dmca,Ä‘á»‹t máº¹ cÃ´ng an
á»‹a,á»‰a
chos,chÃ³
á´›Æ°Æ¡É´É¢,tÆ°Æ¡ng
á´›Ã¡á´„,tÃ¡c
á´›á»‘á´›,tá»‘t
vlon,vÃ£i lá»“n
zl,vÃ£i lá»“n
cÄ‘mm,cÃ¡i Ä‘á»‹t máº¹ mÃ y
á»‹t,Ä‘á»‹t
Ä‘jtme,Ä‘á»‹t máº¹
Ä‘uÃ½t,Ä‘Ã­t
dÃ¢mm,dÃ¢m
jÃ¡ch,rÃ¡ch
Ä‘jtconme,Ä‘á»‹t con máº¹
Ä‹hÃ¶,chÃ³
lozzzz,lá»“n
Ä‘el,Ä‘Ã©o
clmn,cÃ¡i lá»“n máº¹ n
á´Éªá»…É´,miá»…n
á´˜ÊœÃ­,phÃ­
ngyeu,ngÆ°á»i yÃªu
lÃ´z,lá»“n
vllllll,vÃ£i lá»“n
á´„Êœá´,cho
Ê™Ã©,bÃ©
ÊÃªá´œ,yÃªu
ná»“n,lá»“n
Ä‘ume,Ä‘á»¥ máº¹
lÃ´l,lá»“n
cáº·,cáº·c
cáº±c,cáº·c
clgv,cÃ¡i lá»“n gÃ¬ váº­y
bÃ²i,buá»“i
á¯iá—ªeo,video
á—°á»›i,má»›i
á‘oá‘,non
á¯Ã o,vÃ o
á´›Êœáº¥Ê,tháº¥y
É´Ã Ê,nÃ y
á´›Êœá´€á´,tham
É¢Éªá´€,gia
ná»©g,ná»©ng
á‘•á’ªiá‘­,clip
á–´á‘Œá’ªá’ª,full
hamlone,hÃ£m lá»“n
ditconme,Ä‘á»‹t con máº¹
vÃ¯dÃ«Ã¶,video
Ä‹hÄƒn,chÄƒn
rÃ¤Ã¼,rau
Ä‹á»±Ä‹,cá»±c
nÆ°á»›Ä‹,nÆ°á»›c
Ä‹áº§n,cáº§n
cdcm,cÃ¡i Ä‘á»‹t con máº¹
khÃµe,khoiáº½
á‘á•¼Ã ,nhÃ 
á‘gá•¼á»‰,nghá»‰
tÊœÃ¡i,thÃ¡i
ÆŒá»™,Ä‘á»™
gÓ“y,gÃ¢y
á´›rÎ±nh,tranh
cÓ“i,cÃ£i
vl0,vÃ£i lá»“n
ditme,Ä‘á»‹t máº¹
mÃ¡aaaaa,mÃ¡
Ä‘elll,Ä‘Ã©o
dáº¿u,vÃº
xaoloz,xáº¡o lá»“n
cdmm,cÃ¡i Ä‘á»‹t máº¹ mÃ y
khovilol,khá»• vÃ¬ lá»“n
nhulonn,nhÆ° lá»“n
clgt,cÃ¡i lá»“n gÃ¬ tháº¿
Ä‘izzz,Ä‘á»‹t
xamlin,xÃ m lá»“n
chungtÃ´iÄ‘á»“nglÃ²ngtáº©ychayninhduonglanngoc,chÃºng tÃ´i Ä‘á»“ng lÃ²ng táº©y chay Ninh DÆ°Æ¡ng Lan Ngá»c
táº©ychayninhduonglanngoc,táº©y chay Ninh DÆ°Æ¡ng Lan Ngá»c
xamlol,xÃ m lá»“n
ditmecuocdoi,Ä‘á»‹t máº¹ cuá»™c Ä‘á»i
Ã¤nh,anh
mÃ¼á»‘n,muá»‘n
Ä‘á»™nÄ¡,Ä‘á»™ng
Ä‹á»§Ã¤,cá»§a
khÃ´nÄ¡,khÃ´ng
Ä‹Ã¤mÃ«rÃ¤,camera
Ä‹áº·p,cáº·p
Ä‹há»“nÄ¡,chá»“ng
Ä‹lÃ¯p,clip
Ã¡Ã¯,ai
xÃ«m,xem
nÃ³nÄ¡,nÃ³ng
nhÃ¤,nha
samloz,xÃ m lá»“n
vÃ£iiii,vÃ£i
á´›á»•É´É¢,tá»•ng
Êœá»£á´˜,há»£p
ÊŸÉªÉ´á´‹,link
cÃ¡ingu,cÃ¡i ngu
Ä‘á»¥ma,Ä‘á»¥ mÃ¡
lá»“nnnn,lá»“n
á¹­áº­Æ¿,táº­p
á¹­Ò»á»ƒ,thá»ƒ
Ñ”á¹ƒ,em
É¢Ã¡Ä±,gÃ¡i
á¹­ÑÈá¹…É¢,trong
á¹…Ò»Ã ,nhÃ 
á¹…É¢Ò»á»‰,nghá»‰
Ä‘Ã©l,Ä‘Ã©o
vlğŸ˜‘,vÃ£i lá»“n
vlol,vÃ£i lá»“n
nunglonmongmanh,ná»©ng lá»“n mong mang
concakkinhnien,con cáº·c kinh niÃªn
Ä‘ells,Ä‘Ã©o
concac,con cáº·c
Ä‘Ã¡1,Ä‘Ã¡i
vcut,vÃ£i cá»©t
lonğŸ˜€,lá»“n
cuğŸ™ƒ,cu
Ğ½á»c,há»c
Ñ•Î¹nĞ½,sinh
Ä‘á»‹Ñ‚,Ä‘á»‹t
nĞ½aÏ…,nhau
Ñ‚á»±,tá»±
qÏ…ay,quay
clÎ¹p,clip
Ñ…É™Ğ¼,xem
zÃ¡i,dÃ¡i
Ã duma,Ã  Ä‘Ã¹ mÃ¡
lolz,lá»“n
hÃ£mloz,hÃ£m lá»“n
Ñ‚á»•É´Ô,tá»•ng
Ğ½á»£á´˜,há»£p
cÊŸÎ¹á´˜,clip
cĞ½Ã©É´,chÃ©n
Ê€á´€u,rau
É´uá»™Ñ‚,nuá»™t
xoac,xoáº¡c
vclin,vÃ£i cáº£ lÃ¬n
Ä‘eohieukieugi,Ä‘Ã©o hiá»ƒu kiá»ƒu gÃ¬
lonz,lá»“n
concard,con cáº·c
hÃ£mlol,hÃ£m lá»“n
vaix,vÃ£i
ocschos,Ã³c chÃ³
zler,vÃ£i lá»“n
bÃ­mm,bÆ°á»›m
xaml,xÃ m lá»“n
á–‡á—©á‘Œ,rau
á‘•á•¼Äƒá‘,chÄƒn
á‘•á»±á‘•,cá»±c
tá–‡Ã á‘,trÃ n
á‘Æ°á»›á‘•,nÆ°á»›c
tá–‡á»,trá»
á—©e,anh em
á‘Ã o,nÃ o
á‘•áº§á‘,cáº§n
tá•¼Ã¬,thÃ¬
á‘gá—©y,ngay
s3x,sex
sexğŸ”,sex
hamlol,hÃ£m lá»“n
rá»“iÄ‘m,rá»“i Ä‘á»‹t máº¹
sÎ¹É´Ğ½,sinh
vÎ¹ÃªÉ´,viÃªn
É´Ôá»±c,ngá»±c
Ğ¼á»›Î¹,má»›i
É´Ğ½Ãº,nhÃº
cĞ½á´€Ñ‚,chat
sá´‡x,sex
Ñ‚Ê€á´€Î¹,trai
Ê™áº¡É´,báº¡n
ÊŸÎ¹É´Îº,link
á´˜Ğ½ÃºÑ‚,phÃºt
vlolngÃ£,vÃ£i lá»“n ngÃ£
xaolin,xáº¡o lá»“n
á•¼iáº¿á‘­,hiáº¿p
á—ªÃ¢á—°,dÃ¢m
á—·áº¡á‘,báº¡n
á‘•Ã¹á‘g,cÃ¹ng
á’ªá»›á‘­,lá»›p
vÃ£iiiii,vÃ£i
anlon,Äƒn lá»“n
anlonnhe,Äƒn lá»“n nhÃ©
á•¼á»á‘•,há»c
á‘•áº¥á‘­,cáº¥p
á—ªáº¯t,dáº¯t
á‘á•¼á—©á‘Œ,nhau
á–‡á»“i,rá»“i
á—©i,ai
á‘gá»,ngá»
á—·á»‹,bá»‹
á‘•á•¼á»§,chá»§
á‘«á‘Œá—©y,quay
chossss,chÃ³
vÃ£ii,vÃ£i
vainon,vÃ£i lá»“n
condilon,con Ä‘Ä© lá»“n
vÎ¹á´…á´‡o,video
Ğ¼Ã³c,mÃ³c
cuá´€,cua
ÔÃ¡Î¹,gÃ¡i
Ğ½Ã É´Ô,hÃ ng
xÃ³Ğ¼,xÃ³m
quáº±É´,quáº±n
quáº¡Î¹ï½–Ã ï½,quáº¡i vÃ o
moÃ©,mÃ¡
buscu,bÃº cu
hÃ£mlon,hÃ£m lá»“n
cnxh,chá»§ nghÄ©a xÃ£ há»™i
Ä‘mcs,dm cá»™ng sáº£n
csxhcn,cá»™ng sáº£n xÃ£ há»™i chá»§ nghÄ©a
á´€á´‡,ae
Ñ‚Ğ½Ã¬,thÃ¬
É´Ôá´€Ê,ngay
dmcs5,dm cá»™ng sáº£n
chxhcnvn,cá»™ng hÃ²a xÃ£ há»™i chá»§ nghÄ©a viá»‡t nam
ï½ï½ï½ˆ,anh
clmm,cÃ¡i lá»“n máº¹ mÃ y
hamlon,hÃ£m lá»“n
É¢Ê€á´á´œá´˜,group
xá´‡á´,xem
É´ÊœÃ©,nhÃ©
ï½–Ã ï½,vÃ o
Ã¤Ã«,ae
Ä‘cs,Ä‘áº£ng cá»™ng sáº£n
mÃ aa,mÃ 
dá»“iiiii,rá»“i
lynh,linh
lunnn,luÃ´n
Ä‘Ã³oo,Ä‘Ã³
daubuoi,Ä‘áº§u buá»“i
dmcs,dm cá»™ng sáº£n
taychayninhduonglanngoc,táº©y chay NinhDÆ°Æ¡ngLanNgá»c
chiatay,chia tay
bÆ°á»›ng'g,bÆ°á»›ng
tÃ³cnamÄ‘áº¹p,tÃ³c nam Ä‘áº¹p
nÃ¨eeee,nÃ¨
nhÃ¢ntÃ¢m,nhÃ¢n tÃ¢m
chá»§dÃ¢n,chá»§ dÃ¢n
báº¡nnn,báº¡n
xinhhh,xinh
phukien,phá»¥ kiá»‡n
bomtoc,bá»m tÃ³c
caitoc,cÃ i tá»‘c
keptoc,káº¹p tÃ³c
bongtai,bÃ´ng tai
vongco,vÃ²ng cá»•
vongtay,vÃ²ng tay
kinhcan,kÃ­nh cáº­n
donghogiare,Ä‘á»“ng há»“ giÃ¡ ráº»
laodong,lao Ä‘á»™ng
ngÆ°ngÄ‘á»•lá»—i,ngÆ°ng Ä‘á»“ lá»—i
Ä‘á»«ngimláº·ng,Ä‘á»«ng im láº·ng
nguoitre,ngÆ°á»i tráº»
hieubiet,hiá»ƒu biáº¿t
chá»‹uuuu,chá»‹u
Ä‘csvn,Ä‘áº£ng cá»™ng sáº£n viá»‡t nam
luÃ´nnn,luÃ´n
waooo,wow
tinhanhem,tÃ¬nh anh em
tudaithienvuong,tá»© Ä‘áº¡i thiÃªn vÆ°Æ¡ng
rÃ´Ì€i,rá»“i
cÆ°Æ¡Ìp,cÆ°á»›p
ngonnn,ngon
nÃ yyyy,nÃ y
dmca,dm
giÄƒÌ£c,giáº·c
bÄƒÌc,báº¯c
Ò“uÊŸÊŸ,full
sá»‘Ä‘iá»‡nthoáº¡i,sá»‘ Ä‘iá»‡n thoáº¡i
ï½ï½‡ï½ï½™,ngay
laÌ£i,láº¡i
táº¹tt,táº¹t
mÃ¬nhhh,mÃ¬nh
cuá»‘iváº­y,cuá»‘i váº­y
xuÃ¢Ìt,xuáº¥t
maÌ£ng,máº¡ng
chuÃ¢Ì‰n,chuáº©n
Ä‘Ã¡nhrÆ¡i,Ä‘Ã¡nh rÆ¡i
á´‡á´,em
É´ÊœÃ³á´,nhÃ³m
Ò“Ê€á´‡á´‡,free
Ä‘ÄƒÉ´É¢,Ä‘Äƒng
Ê™Ã Éª,bÃ i
tháº¿rÃ¡c,rÃ¡c
Ä‘á»‰nkkk,Ä‘á»‰nh
ngÃ ynhÃ³m,ngÃ y nhÃ³m
lá»£icá»™ng,lá»£i cá»™ng
cÆ°á»irá»“i,cÆ°á»i rá»“i
ná»¯aÄ‘ang,ná»¯a Ä‘ang
Ä‘iÃªnbá»›t,Ä‘iÃªn bá»›t
thÃ´ivÃ ,thÃ´i vÃ 
cá»©tvÃ¬,cá»©t vÃ¬
tÆ°á»›ngnÃ³,tÆ°á»›ng nÃ³
Ä‘ÃºngnhÆ°ng,Ä‘Ãºng nhÆ°ng
nhiá»uchá»¥p,nhiá»u chá»¥p
chetmemay,cháº¿t máº¹ mÃ y
hÃ¢hhha,haha
nhá»‰thÃ´i,nhá»‰ thÃ´i
Æ¡igiá»,Æ¡i giá»
lÃ¢Ì£t,láº­t
tháº¥mdáº§u,tháº¥m dáº§u
thÃ´iii,thÃ´i
nÃ ooo,nÃ o
vcnhÆ°ng,vc nhÆ°ng
rá»“iiii,rá»“i
Ä‘áº¥utrÆ°á»ngÃ¢mnháº¡c,Ä‘áº¥u trÆ°á»ng Ã¢m nháº¡c
giá»nghÃ¡tviá»‡t2019,giá»ng hÃ¡t viá»‡t
mÃ£iyÃªu,mÃ£i yÃªu
tinnáº¿u,tin náº¿u
É¢Éªáº£á´,giáº£m
á´‹á»‹á´„Êœ,ká»‹ch
bÃ³cra,bÃ³c ra
Ä‡á»±Ä‡,cá»±c
Å„hÃ­á»‡t,nhiá»‡t
chÃ³ooo,chÃ³
tá»™iiii,tá»™i
viá»nxÃ­ch,viá»n xÃ­ch
boÌ€,bÃ²
cÄƒngmá»‹n,cÄƒng má»‹n
congsan,cá»™ng sáº£n
chá»iiiii,trá»i
sáº¯ccccc,sáº¯c
taaaa,ta
caooo,cao
rá»“iiiiivÃ ,rá»“i vÃ 
khÃ¡ccáº£,khÃ¡c cáº£
bvs,bÄƒng vá»‡ sinh
condime,con Ä‘i máº¹
quÃ¡aaa,quÃ¡
Ãªiiiiiiiiii,Ãª
luÃ´ncháº¯c,luÃ´n cháº¯c
vclmuá»‘n,vc muá»‘n
cÃ³mÃ ,cÃ³ mÃ 
luáº­tcá»™ng,luáº­t cá»™ng
tháº±ng's,tháº±ng
bá»m'm,bá»m
Ä‘áº£ngtá»a,Ä‘áº£n tá»a
lÆ°á»iii,lÆ°á»i
xhcn,xÃ£ há»™i chá»§ nghÄ©a
thoidai,thá»i Ä‘áº¡i
dmmmm,dm
tuoilon,tuá»•i lá»“n
nháº­nnn,nháº­n
nÃ£opháº£i,nÃ£o pháº£i
senÄ‘m,sen dm
bananthongminh,bÃ n nÃ  thÃ´ng minh
biáº¿ttttt,biáº¿t
viá»‡tnam,viá»‡t nam
muá»‘i's,muá»‘i
Ãªiiiiiiiiii,Ãª
yÃªnnnn,yÃªn
nonnáº¿u,non náº¿u
treocá»•,treo cá»•
Ä‘Ã³váº­y,Ä‘Ã³ váº­y
lá»£iko,lá»£i khÃ´ng
nhÃ¬uuuuu,nhiá»u
anhem,anh em
tuyeÌ‚Ì‰n,tuyá»ƒn
heÌ£Ì‚,há»‡
cÃ²ntÃ¬nhcÃ²nnghÄ©acÃ²ntá»“ntáº¡i,cÃ²n tÃ¬nh cÃ²n nghÄ©a cÃ²n tá»“n táº¡i
háº¿ttÃ¬nhháº¿tnghÄ©ahoÃ¡hÆ°vÃ´,háº¿t tÃ¬nh háº¿t nghÄ©a hÃ³a hÆ° vÃ´
mÃ vá»£,mÃ  vá»£
chá»‹ii,chá»‹
bá»«nnnn,báº§n
dcsvn,Ä‘áº£ng cá»™ng sáº£n viá»‡t nam
kÃ¬aaa,kÃ¬a
Ã´ngtrá»i,Ã´ng trá»i
láº¡náº¿u,láº¡ náº¿u
vÃ ongÆ°ng,vÃ o ngÆ°ng
guÌ›Ì‰i,gá»­i
chetme,cháº¿t máº¹
Ä‘clm,Ä‘á»‹t con máº¹ mÃ y
nÃ¨báº¡n,nÃ¨ báº¡n
táº©ychay,táº©y chay
taooooo,tao
nháº¥ttttt,nháº¥t
emmÃ ,em mÃ 
khá»—,khá»•
mÃ¬nhÄ‘Ã£,mÃ¬nh Ä‘Ã£
vclll,vÃ£i cáº£ lá»“n
nwngs,ná»©ng
nhá»‰iiiiiiiiii,nhá»‰
videoooo,video
vá»¡iiiii,vÃ£i
ghiaaaa,ghÃª
quantum,quan tÃ¢m
tháº­ttt,tháº­t
dduma,dm
nÃ¡tttttttt,nÃ¡t
tá»™ibáº¡o,tá»™i báº¡o
baoquocte,bÃ¡o quá»‘c táº¿
Ä‘ieen,Ä‘iÃªn
chuá»™tttt,chuá»™t
Ä‘áº¥yyyyy,Ä‘áº¥y
hiá»ƒuvá»«a,hiá»ƒu vá»«a
kiá»ƒmhÃ ng,kiá»ƒm hÃ ng
mÃ¬nhvÃ ,mÃ¬nh vÃ 
tttÃ¢y,tÃ¢y
biáº¿tÄ‘Ã©o,biáº¿t Ä‘Ã©o
chá»¥pmÃ ,chá»¥p mÃ 
hÃ¢hhaahha,haha
mÃ tÃ¬m,mÃ  tÃ¬m
nÃ ytao,nÃ y tao
phimqua,phim qua
giÃ¡vá»›i,giÃ¡ vá»›i
thoitrang,thá»i trang
sÆ°á»›ngchá»‹,sÆ°á»›ng chá»‹
500ae,500 ae
vá»›iiiii,vá»›i
záº¡yyyy,váº­y
háº¿ttttttttt,háº¿t
tÃ ucá»‘,tÃ u cá»•
duá»µet,duyá»‡t
cÃ³cÃ³,cÃ³ cÃ³
trinhğŸ¤£ğŸ¤£ğŸ¤£,trÃ¬nh
Ä‘km,Ä‘á»‹t con máº¹
tháº¿tÆ°á»Ÿng,tháº¿ tÆ°á»Ÿng
rá»“inÃ³,rá»“i nÃ³
á»oooooooooo,á»
cuteeeeeee,cute
lá»™ncÃ¡ibÃ n,lá»™n cÃ¡i bÃ n
chetcondime,cháº¿t con Ä‘Ä© máº¹
bÆ¡Ì‰i,bá»Ÿi
cÆ°Æ¡Ìp,cÆ°á»›p
lá»±cnhÆ°,lá»±c nhÆ°
trÃ²yy,trá»i
nhÃ²i,lÃ²i
trithucvn,tri thá»©c viá»‡t nam
vncuá»™c,viá»‡t nam cuá»™c
hÃ¢hhahaahah,haha
chÃ²iiiiii,trá»i
biarÆ°á»£u,bia rÆ°á»£u
nÃ¢Ì€y,nÃ y
nhiÃªÌ€u,nhiá»u
mÃ cÃ²n,mÃ  cÃ²n
congly,cÃ´ng lÃ½
khÃ­tvá»«a,khÃ­t vá»«a
viÃªmvá»«a,viÃªm vá»«a
xá»iiii,xá»i
yÃªuuuuuu,yÃªu
giáº£ihÆ¡n,giáº£i hÆ¡n
triiá»‡uu,triá»‡u
vÃ ooo,vÃ o
uáº§yyyy,uáº§y
concáº·tnÃ¨Ä‘á»©c,con cáº·c nÃ¨ Ä‘á»©c
thÃ´ixin,thÃ´i xin
khÃ¡ccháº¯c,khÃ¡c cháº¯c
máº¯tmÃ³n,máº¯t mÃ³n
báº¡nhá»i,báº¡n há»i
vuiii,vui
náº¹ee,náº¹
quÃªnnn,quÃªn
khÃ¡ctháº¥y,khÃ¡c tháº¥y
cÃ¡imolon,cÃ¡i má»“m lá»“n
dá»‘imÃ ,rá»“i mÃ 
lÄƒÌm,láº¯m
raná»¯a,ra ná»¯a
cumback,comeback
dmc5,dm cá»™ng sáº£n 5
hÃ¢hhahha,haha
pháº¿ttttt,pháº¿t
váº­yphá»¥,váº­y phá»¥
cá»§aviá»‡t,cá»§a viá»‡t
thoitháº¿,thÃ´i tháº¿
bxh,báº£ng xáº¿p háº¡ng
nÃ³bÃªn,nÃ³ bÃªn
cayyy,cay
miá»…nphÃ­,miá»…n phÃ­
cÆ°Æ¡p,cÆ°á»›p
huhuhuuu,huhu
hÃ¢hhhaha,haha
kkkkkkkkkkkkkk,haha
kooooo,khÃ´ng
Ğ½á´…,hd
Ä©aaaaa,á»‰a
Ä‘iÄ‘cm,Ä‘á»‹t con máº¹
sá»‘thÃ nh,sá»‘ thÃ nh
áº¥yyy,áº¥y
ï½–Ã ï½,vÃ o
thiÃªndÆ°Æ¡ng,thiÃªn dÆ°Æ¡ng
tÄƒngcÃ¢n,tÄƒng cÃ¢n
dinhdÆ°á»¡ng,dinh dÆ°á»¡ng
giáº£mcÃ¢n,giáº£m cÃ¢n
lá»£isá»¯a,lá»£i sá»¯a
bÃ báº§u,bÃ  báº§u
cnxhvn,cá»™ng hÃ²a xÃ£ há»™i viá»‡t nam
Ä‘Ã³oooooooo,Ä‘Ã³
honggg,khÃ´ng
phÃ²ngvÃ©vÅ©linh,phÃ²ng vÃ© vÅ© linh
gÃ¬giá»,gÃ¬ giá»
ngÃ ymÃ¬nh,ngÃ y mÃ¬nh
tháº¿bonj,tháº¿ bá»n
Æ¡icÃ¡i,Æ¡i cÃ¡i
nhÃ³ooo,nhÃ¡
troÌ£c,trá»c
9thaÌng,9 thÃ¡ng
nungcackinhnien,ná»©ng cáº·c kinh niÃªn
zuiiii,vui
riÃªnggg,riÃªng
Ä‘Ã¢uuuu,Ä‘Ã¢u
Æ¡itui,Æ¡i tui
báº¡chhhhh,báº¡ch
hÃ aaaaaa,haha
cháº¿ttt,cháº¿t
kienthuc,kiáº¿n thá»©c
luÃ´nmá»™t,luÃ´n má»™t
toiiiiiiiiiiiiiii,toi
cuuuu,cá»©u
hayyyy,hay
cáº£nhÄƒn,cáº£ nhÄƒ
Ä‘iğŸ˜‚ğŸ˜‚ğŸ˜‚ğŸ˜‚ğŸ˜‚,Ä‘i
doumer,Ä‘Ã¹ mÃ¡
Ä‘Ã¢utá»±,Ä‘Ã¢u tá»±
fuckkk,fuck
hahhahah,haha
khennnnn,khen
dogs,chÃ³
toooooo,to
nÃ¨ee,nÃ¨
hamlonic,hÃ£m lá»“n
nÆ°sng,ná»©ng
Ä‘Ã¢uchá»‰,Ä‘Ã¢u chá»‰
bÃ¬nh3lÃ¢n,bÃ¬nh lÃ¢n
hÃ²ooo,hÃ²
ccÄ‘mm,cÃ¡i Ä‘á»‹t máº¹
tiá»nra,tiá»n ra
Ä‘á»©ngmáº¥y,Ä‘á»©ng máº¥y
botay,bÃ³ tay
quá»‘cnhÃ³m,quá»‘c nhÃ³m
Ä‘á»“ikhÃ´ng,Ä‘á»“i khÃ´ng
cÃ´imá»™t,cÃ´i má»™t
rÆ°á»£uem,rÆ°á»£u em
chÃ¬mhÆ¡i,chÃ¬m hÆ¡i
trá»™mmmm,trá»™m
yÃªunhÆ°ng,yÃªu nhÆ°ng
toiiii,toi
quÃ©eeee,quÃ©
muÌp,ngon
mÃ báº¡n,mÃ  báº¡n
haaahaaaahaaaa,haha
quaaaaaa,qua
xinloiá»•ng,xin lá»—i Ã´ng
tá»‘tsao,tá»‘t sao
trÃ²ntrÃ²n,trÃ²n
zma,váº­y mÃ 
quÃ¡aa,quÃ¡
lÃªnnnnnn,lÃªn
tiá»nnhanh,tiá»n nhanh
Æ°nggg,Æ°ng
xink's,xinh
tráº¥tttt,cháº¥t
Ä‘isáº¯p,Ä‘i sáº¯p
Ä‘oume,Ä‘Ã¹ mÃ¡
tháº¯ngmáº¡nh,tháº¯ng máº¡nh
mootj,má»™t
tiáº¿ppp,tiáº¿p
cáº©uuu,cáº©u
lÆ°Æ¡nggggg,lÆ°Æ¡ng
tiá»nthÃ¬,tiá»n thÃ¬
báº¡ntháº­t,báº¡n tháº­t
á•¼Æ¡á‘,hÆ¡n
tiáº¿á‘g,tiáº¿ng
ká•¼Ã¡á‘•á•¼,khÃ¡ch
tá–‡á‘Œá‘g,trung
á‘«á‘Œá»‘á‘•,quá»‘c
á•¼á—ª,hd
tá»«á‘g,tá»«ng
á‘•á»á‘g,cá»ng 
á’ªÃ´á‘g,lÃ´ng
á—©á‘á•¼,anh
á‘•á’ªiá‘•k,click
á‘á•¼á—©,nha
cáº§uthá»‘ngnháº¥t,cáº§u thá»‘ng nháº¥t
hÃ¢hhahahahahahahaha,haha
vieclamnhatrang,viá»‡c lÃ m nhatrang
nÃ³ibÃªn,nÃ³i bÃªn
saooooooo,sao 
Ä‘Ã©ll,Ä‘Ã©o
Ä‘eeee,Ä‘Ãª
trÆ°Æ¡tj,trÆ°á»£t
trÃ²iii,trá»i
hÃ³ngggg,hÃ³ng
ngáº§mkhi,ngáº§m khi
cholÃºc,cho lÃºc 
láº»lÃ m,láº» lÃ m
trucotgiadinh,trá»¥ cá»™t gia Ä‘Ã¬nh
á’ªáº¡i,láº¡i
ráº»Ä‘á»“,ráº» Ä‘á»“
cayyyyyyyyyy,cay
maulanh,mÃ¡u láº¡nh
nhÃ quÃªn,nhÃ  quÃªn
rá»“iii,rá»“i
vá»›isamsungconngÆ°á»ilÃ sá»‘1,vá»›i samsung con ngÆ°á»i lÃ  sá»‘ 1
mÃ yyyyyy,mÃ y
hÃ¤Ä‹k,hack
chxncn,cá»™ng hÃ²a xÃ£ há»™i chá»§ nghÄ©a
mÃ¬nhhhh,mÃ¬nh
thuaaa,thua
Ä‘umÃ¡,Ä‘Ã¹ mÃ¡
zaiiii,trai
ditmem,Ä‘á»‹t máº¹
táº·ngkÃ¨m,táº·ng kÃ¨m
disme,Ä‘á»‹t máº¹
Ä‘Ä©cÃ¡i,Ä‘Ä© cÃ¡i
anhyÃªu,anh yÃªu
lunnnn,luÃ´n
nÃ³idc,nÃ³i Ä‘Æ°á»£c
hÆ¡nra,hÆ¡n ra
chá»©hÃ£y,chá»© hÃ£y
khachhangthanyeu,khÃ¡ch hÃ ng thÃ¢n yÃªu
Ä‘cchÆ¡i,Ä‘Æ°á»£c chÆ¡i
tiá»nkiáº¿m,tiá»n kiáº¿m
vlonn,vÃ£i lá»“n
vÃ ngÄ‘á»•i,vÃ ng Ä‘á»•i
Ä‘iiiiiiiiiiiiiii,Ä‘i
nhÃ©bá»n,nhÃ© bá»n
viÃªtnamzi,viá»‡t nam
cuÃ´icungf,cuá»‘i cÃ¹ng
niceeee,nice
áº¡hhh,áº¡
á´Ã¬É´Êœ,mÃ¬nh
á´„Êœáº¥á´›,cháº¥t 
á´„ÊŸÉªá´„á´‹,click
á´›Êœá»­,thá»­
gdcd,giÃ¡o dá»¥c cÃ´ng dÃ¢n
cháº­uğŸ¥´ğŸ¥´ğŸ¥´,cháº­u
emmmmmm,em
Ä‘mmmm,Ä‘á»‹t máº¹
cuocsongantoan,cuá»™c sá»‘ng an toÃ n
khÃ´nggg,khÃ´ng
cÃ¡cá»,cÃ¡ cá»
nÃ ooooo,nÃ o
ngonnnnn,ngon
vclllll,vÃ£i cáº£ lá»“n
roÌƒ,rÃµ
xÃ©ooooo,xÃ©o
xÃ©ooooo,xÃ©o
Ä‘Ãºmmedia,Ä‘á»¥ mÃ¡ 
ngÆ°á»inhÆ°ng,ngÆ°á»i nhÆ°ng
emmmm,em
viáº¿tanh,viáº¿t nah
triáº¿ttt,triáº¿t
cÃ²'s,cÃ²
Æ¡i'ii,Æ¡i
anhhh,anh
rÄƒngcáº£m,rÄƒng cáº£m
ngayhá»‘i,ngay há»‘i
vÃ¬anh,vÃ¬ anh
lÃ giÃ³,lÃ  giÃ³
Ä‘umami,Ä‘á»¥ mÃ¡ mÃ y
rá»“icÃ¡i,rá»“i cÃ¡i
sÃ³i'i,sÃ³i 
cuteeee,cute
mÃ¬nhÄ‘Ã o,mÃ¬nh Ä‘Ã o
táº¿tcÃ³,táº¿t cÃ³
Æ¡iiiiiiii,Æ¡i
á´áº¥á´›,máº¥t
ÊŸáº­á´˜,láº­p
ÊŸáº¡Éª,láº¡i
á´á»›Éª,má»›i
Ç«á´œá´€,qua
xinloiduocchua,xin lá»—i Ä‘Æ°á»£c chÆ°a
hayyyyy,hay
cÃ³chiáº¿n,cÃ³ chiáº¿n
nháº­nÄ‘Ã¢y,nháº­n Ä‘Ã¢y
thÃ´ichá»©,thÃ´i chá»©
ngÆ°á»ivÃ o,ngÆ°á»i vÃ o
bunglá»‘p,bung lá»‘p
cÃ¹ngthÆ¡m,cÃ¹ng thÆ¡m
xuÃ¢nchá»—,xuÃ¢n chá»—
ngáº§nláº¡i,ngáº§n láº¡i
Ä‘mmdmmdmd,Ä‘á»‹t máº¹
matdayy,máº¥t dáº¡y
xonggg,xong
thÃ¨mmmm,thÃ¨m
dmhochiminh,dm há»“ chÃ­ minh
á»‰aaaaa,á»‰a
máº·tnáº¡hoÃ ngcung,máº·t náº¡ hoÃ ng cung
cÃ¡mÆ¡n,cáº£m Æ¡n
immemom,im máº¹ má»“m
tá»©clÃ ,tá»©c lÃ 
taoooo,tao
Ä‘Ã¢uu,Ä‘Ã¢u
khuyenmai,khuyáº¿n máº¡i
thÃ´inÃ³i,thÃ´i nÃ³i
nguyÃªnlÃ½,nguyÃªn lÃ½
Æ¡iidá»‹ch,Æ¡i dá»‹ch
dÃ iib,dÃ i
xÄ©uuuu,xÄ©u
bá»›tghi,bá»›t ghi
háº¿ttháº­t,háº¿t tháº­t
khÃ¡ctá»™i,khÃ¡c tÃ´i
trÃ¢ucá»­u,trÃ¢u cá»­u
vá»tháº¥t,vá» tháº¥t
quÃªcháº¥m,quÃª cháº¥m
Ä‘á»ingÅ©,Ä‘á»i ngÅ©
trá»ilá»¥c,trá»i lá»¥c
anhyeu,anh yÃªu
dá»iii,trá»i
áº¥yáº¥y,áº¥y áº¥y
hahhahaah,haha
Ä‹Ã¹nÄ¡,cÃ¹ng
Ä¡Ã¡Ã¯,gÃ¡i
Ä‹Ã¤Ã¶,cao
kiÃ aaaaa,kÃ¬a
tuoitre,tuá»•i tráº»
Ä‘á»‰nhhhhhhhh,Ä‘á»‰nh
sá´€ÊŸá´‡,sale
á´›á´Ã É´,toÃ n
á´„Ã¡á´„,cÃ¡c
ÊœÃ£É´É¢,hÃ£ng
É´É¢á´€Ê,ngay
tiá»nbÃ¢y,tiÃªn bÃ¢y
Ä‘Ã£aa,Ä‘Ã£
dklm,Ä‘á»‹t con máº¹
láº¯mÄ‘á»«ng,láº¯m Ä‘á»«ng
rÃ¹iiii,rá»“i
Êœá´€á´„á´‹,hack
á´„á´€á´á´‡Ê€á´€,camera
á´„á»§á´€,cá»§a
á´„Êœá»“É´É¢,chá»“ng
á´›Ê€áº»,tráº» 
ÊŸÃ á´,lÃ m
á´›Ã¬É´Êœ,tÃ¬nh
á´˜ÊœÃª,phÃª
condingheokho,con Ä‘Ä© nghÃ¨o khá»•
nÃ¨eee,nÃ¨
nhaÌ£Ì‚n,nháº­n
goÌ£i,gá»i
cÃ¡iii,cÃ¡i
vÃ otrÃ¡ch,vÃ o trÃ¡ch
cÃ¡ivÃ o,cÃ¡i vÃ o
hahaaaa,haha
kÃ²i,cÃ²i
Ä‘áº¥yanh,Ä‘áº¥y anh
rá»­amáº·t,rá»­a máº·t
vlll,vl
áº¡aaa,áº¡
csaÌ‰n,cá»™ng sáº£n
dkmm,Ä‘á»‹t con máº¹ mÃ y
á´á´á´,mom
hiuhiu,haha
hmmm,há»«m
ngkhac,ngÆ°á»i khÃ¡c
vatoi,vÃ  tÃ´i
cuteeee,cute
laodong,lao Ä‘á»™ng
hahahahaha,haha
ï½ï½‡ï½ï½™,ngay
bocphot,bÃ³c phá»‘t
cÆ¡mtá»«thiá»‡n,cÆ¡m tá»« thiá»‡n
Ä‘iiiiii,Ä‘i
Ã¨ooo,Ã¨o
vleu,vl
saoo,sao
chÆ°Æ¡Ì‰i,chá»­i
rungliá»‡t,rung liá»‡t
â˜ï¸zalo,zalo
kiatrao,kia trai
ahahha,haha
nháº­nchÃºc,nháº­n chá»©c
láº¡imÃ ,láº¡i mÃ 
trasuathaixanh,trÃ  sá»¯a thÃ¡i xanh
lanbÃ i,lan bÃ i
rá»ƒnghÄ©a,rá»ƒ nghÄ©a
anninhthudo,an ninh thá»§ Ä‘Ã´
chÃ³shopee,chÃ³ shoppe
xáº¯cccc,xáº¯c
Ä‘oois,Ä‘á»‘i
nhaaaaaaaa,nha
miá»nbá»‹,miá»n bá»‹
congly,cÃ´ng lÃ½
dÃ¢nkhÃ´ng,dÃ¢n khÃ´ng
mÃ©nnnn,mÃ©n
quÃ¡n's,quÃ¡n
hoÃ ngtÆ°,hoÃ ng tá»­
depsieunhe,dÃ©p siÃªu nháº¹
gÃ¡inÃ³i,gÃ¡i nÃ³i
Ä‘uyy,Ä‘Ä©
Ä‘ccÃ³,Ä‘Æ°á»£c cÃ³
raaaaa,ra
Ä‘Ã¢utrc,Ä‘Ã¢u trÆ°á»›c
thá»•loáº¡i,thá»ƒ loáº¡i
kimcuong,kim cÆ°Æ¡ng
thoiiiii,thÃ´i
nooooo,no
ï½–Ã ï½,vÃ o
hÃ£ng's,hÃ£ng
truáº¥ttttt,cháº¥t
chÃ iiiiia,trá»i
Æ¡ihttps,Æ¡i
hÆ¡hÆ¡,haha
cuuuuut,cut
thÃ´iiii,thÃ´i
gkee,ghÃª
hottt,hot
xincamon,xin cáº£m Æ¡n
yeahhhh,yeah
cháº¥ttttt,cháº¥t
nunwgs,ná»©ng
dkkkkkmmmm,Ä‘á»‹t con máº¹
nguÌ›oÌ›Ì€iğŸ˜Œ,ngÆ°á»i
chuibiáº¿n,chui biáº¿n
tÃ¼á»•Ã¯,tuá»•i
Ä‘ijt,Ä‘á»‹t
mÃªÃªÃªÃª,mÃª
cháº¥mmmmm,cháº¥m
xinloiem,xin lá»—i em
kkkkkkkkkkkk,haha
Ä‘áº¹ppppp,Ä‘áº¹p
hahahahahah,haha
Ä‘áº¹pchá»©,Ä‘áº¹p chá»©
adhÃ³ng,ad hÃ³ng
kinhcháº³ng,kinh cháº³ng
naymoiws,nay má»›i
Ã¹imá»›i,rá»“i má»›i
volang,vÃ´ lÄƒng
Æ¡icáº£m,Æ¡i cáº£m
diiaaa,yeah
sangggggg,sang
huhukinh,huhu kinh
tÆ°Æ¡iii,tÆ°Æ¡i
Ä‘Ã¢uuu,Ä‘Ã¢u
rÃ¹iii,rá»“i
lá»uuuuuuuuu,lá»“n
xechá»©,xe chá»©
tiá»nbá»‘c,tiá»n bá»‘c
Æ¡ivá»,Æ¡i vá»
giaaan,gian
Ä‘ihÃ³ng,Ä‘i hÃ³ng
láº­áº­nnnha,láº­n nha
ranhanh,ra nhanh
tÃ¢mko,tÃ¢m khÃ´ng
khÃ³kkk,khÃ³c
hÆ¡iiiiiiii,hÆ¡i
báº¡nnnnnn,báº¡n
ddaau,Ä‘Ã¢u
Ä‘jnk,Ä‘á»‰nh
dmmm,Ä‘á»‹t máº¹
lÃªnnn,lÃªn
Ä‘Ã´gns,Ä‘á»‘ng
vlozz,vÃ£i lá»“n
kienthuc,kiáº¿n thá»©c
hiá»ƒmcáº£nh,hiá»ƒm cáº£nh
bÃ©nhÆ°ng,bÃ© nhÆ°ng
laptrinhvientv,láº­p trÃ¬nh viÃªn
khongbanbenhungmaysedocduocthoi,khÃ´ng báº¡n bÃ¨ nhÆ°ng mÃ y sáº½ Ä‘á»c Ä‘Æ°á»£c thÃ´i
hÃªhhehheh,haha
tuoitre,tuá»•i tráº»
siÃªuuu,siÃªu
heeeee,ge
uhhh,huhu
nhaunhÆ°ng,nhau nhÆ°ng
nhiá»utt,nhiá»u
kÃ²y's,cÃ²i
rá»“ithÃ´i,rá»“i thÃ´i
gohome,go home
lá»¯aaaa,ná»¯a
pleaseeee,please
luÃ´ngggggg,luÃ´n
sáº¯ccc,sáº¯c
dthuon,dá»… thÆ°Æ¡ng
hÃ´nnnn,hÃ´n
caÌ‚Ì€u,cáº§u
deeee,Ä‘Ãª
cÃ´vit,covid
vllllllll,vl
mÃ aaaaa,mÃ 
Ã¡nnhh,Ã¡nh
'hÃ£y,hÃ£y
nÃ o'',nÃ o
Ä‘áº¥ylÃºc,Ä‘áº¥y lÃºc
âš ï¸âš ï¸chuyÃªn,chuyÃªn
zuiiiiii,vui
kÃ²yÉ,cÃ²i
Ä‘Æ°pj,Ä‘áº¹p
yotuber,youtuber
cáº¡aa,cáº¡
iuuuu,yÃªu
loonf,lá»“n
concu,con cu
nhá»‰hÃ­hÃ­,nhá»‰ haha
Ä‘aucÃ³,Ä‘Ã¢u cÃ³
Ä‘ouma,Ä‘Ã¹ mÃ¡
dungmeo,Ä‘á»«ng mÃ 
nhÆ°vay,nhÆ° váº­y
tá»©cvÃ ,tá»©c vÃ 
kuku,huhu
xuáº¥tâ€em,xuáº¥t em
hÃ¢hhaa,haha
chá»©ghÃ©t,chá»© ghÃ©t
áº¥yÄ‘Ã£,áº¥y Ä‘Ã£
trungthá»©,trung thá»©
áº£othá»©,áº£o thá»©
xinratayrÃºtluithÃ´i,xin ra tay rÃºt lui thÃ´i
ahihimÃ ,haha mÃ 
kocho,khÃ´ng cho
hÃ¢hhaha,haha
huhuhuhuhu,huhu
thÆ°Æ¡ngvongo,thÆ°Æ¡ng vong
Ä‘Ã³chÃºng,Ä‘Ã³ chÃºng
tÃ¬nhnhÆ°,tÃ¬nh nhÆ°
daynha,Ä‘Ã¢y nha
nguá»“ncoppygari,nguá»“n coppy
cucuoithoimackedoi,cá»© cÆ°á»i máº·c ká»‡ Ä‘á»i
batdau,báº¯t Ä‘áº§u
vaketthuc,vÃ  káº¿t thÃºc
Ä‘iiiiii,Ä‘i
truoejt,trÆ°á»£t
giÆ°á»¡ng,dÆ°á»¡ng